{
  "__type__": "cc.SpriteFrame",
  "content": {
    "name": "button02",
    "atlas": "",
    "rect": {
      "x": 10,
      "y": 11,
      "width": 279,
      "height": 102
    },
    "offset": {
      "x": -1,
      "y": 1
    },
    "originalSize": {
      "width": 301,
      "height": 126
    },
    "rotated": false,
    "capInsets": [
      0,
      0,
      0,
      0
    ],
    "vertices": {
      "rawPosition": [
        -139.5,
        -51,
        0,
        139.5,
        -51,
        0,
        -139.5,
        51,
        0,
        139.5,
        51,
        0
      ],
      "indexes": [
        0,
        1,
        2,
        2,
        1,
        3
      ],
      "uv": [
        10,
        115,
        289,
        115,
        10,
        13,
        289,
        13
      ],
      "nuv": [
        0.03322259136212625,
        0.10317460317460317,
        0.9601328903654485,
        0.10317460317460317,
        0.03322259136212625,
        0.9126984126984127,
        0.9601328903654485,
        0.9126984126984127
      ],
      "minPos": {
        "x": -139.5,
        "y": -51,
        "z": 0
      },
      "maxPos": {
        "x": 139.5,
        "y": 51,
        "z": 0
      }
    },
    "texture": "5a21866d-89d1-455a-8f40-d59b10dbe07b@6c48a",
    "packable": true,
    "pixelsToUnit": 100,
    "pivot": {
      "x": 0.5,
      "y": 0.5
    },
    "meshType": 0
  }
}