{
  "__type__": "cc.SpriteFrame",
  "content": {
    "name": "1717616917655262",
    "atlas": "",
    "rect": {
      "x": 9,
      "y": 6,
      "width": 20,
      "height": 135
    },
    "offset": {
      "x": 0.5,
      "y": 0.5
    },
    "originalSize": {
      "width": 37,
      "height": 148
    },
    "rotated": false,
    "capInsets": [
      0,
      0,
      0,
      0
    ],
    "vertices": {
      "rawPosition": [
        -10,
        -67.5,
        0,
        10,
        -67.5,
        0,
        -10,
        67.5,
        0,
        10,
        67.5,
        0
      ],
      "indexes": [
        0,
        1,
        2,
        2,
        1,
        3
      ],
      "uv": [
        9,
        142,
        29,
        142,
        9,
        7,
        29,
        7
      ],
      "nuv": [
        0.24324324324324326,
        0.0472972972972973,
        0.7837837837837838,
        0.0472972972972973,
        0.24324324324324326,
        0.9594594594594594,
        0.7837837837837838,
        0.9594594594594594
      ],
      "minPos": {
        "x": -10,
        "y": -67.5,
        "z": 0
      },
      "maxPos": {
        "x": 10,
        "y": 67.5,
        "z": 0
      }
    },
    "texture": "23ae4056-e4d0-4f99-b069-12350f796253@6c48a",
    "packable": true,
    "pixelsToUnit": 100,
    "pivot": {
      "x": 0.5,
      "y": 0.5
    },
    "meshType": 0
  }
}