{
  "__type__": "cc.SpriteFrame",
  "content": {
    "name": "btnBg",
    "atlas": "",
    "rect": {
      "x": 4,
      "y": 3,
      "width": 51,
      "height": 53
    },
    "offset": {
      "x": 0.5,
      "y": 0
    },
    "originalSize": {
      "width": 58,
      "height": 59
    },
    "rotated": false,
    "capInsets": [
      20,
      22,
      19,
      21
    ],
    "vertices": {
      "rawPosition": [
        -25.5,
        -26.5,
        0,
        25.5,
        -26.5,
        0,
        -25.5,
        26.5,
        0,
        25.5,
        26.5,
        0
      ],
      "indexes": [
        0,
        1,
        2,
        2,
        1,
        3
      ],
      "uv": [
        4,
        56,
        55,
        56,
        4,
        3,
        55,
        3
      ],
      "nuv": [
        0.06896551724137931,
        0.05084745762711865,
        0.9482758620689655,
        0.05084745762711865,
        0.06896551724137931,
        0.9491525423728814,
        0.9482758620689655,
        0.9491525423728814
      ],
      "minPos": {
        "x": -25.5,
        "y": -26.5,
        "z": 0
      },
      "maxPos": {
        "x": 25.5,
        "y": 26.5,
        "z": 0
      }
    },
    "texture": "f58274e2-e8f1-4ea5-97a4-3f5b2671b84f@6c48a",
    "packable": true,
    "pixelsToUnit": 100,
    "pivot": {
      "x": 0.5,
      "y": 0.5
    },
    "meshType": 0
  }
}