{
  "__type__": "cc.SpriteFrame",
  "content": {
    "name": "head",
    "atlas": "",
    "rect": {
      "x": 0,
      "y": 0,
      "width": 354,
      "height": 354
    },
    "offset": {
      "x": -0.5,
      "y": 0.5
    },
    "originalSize": {
      "width": 355,
      "height": 355
    },
    "rotated": false,
    "capInsets": [
      0,
      0,
      0,
      0
    ],
    "vertices": {
      "rawPosition": [
        -177,
        -177,
        0,
        177,
        -177,
        0,
        -177,
        177,
        0,
        177,
        177,
        0
      ],
      "indexes": [
        0,
        1,
        2,
        2,
        1,
        3
      ],
      "uv": [
        0,
        355,
        354,
        355,
        0,
        1,
        354,
        1
      ],
      "nuv": [
        0,
        0.0028169014084507044,
        0.9971830985915493,
        0.0028169014084507044,
        0,
        1,
        0.9971830985915493,
        1
      ],
      "minPos": {
        "x": -177,
        "y": -177,
        "z": 0
      },
      "maxPos": {
        "x": 177,
        "y": 177,
        "z": 0
      }
    },
    "texture": "19bfbd70-5bc5-4fb9-b94f-5e188e4847f1@6c48a",
    "packable": true,
    "pixelsToUnit": 100,
    "pivot": {
      "x": 0.5,
      "y": 0.5
    },
    "meshType": 0
  }
}