{
  "__type__": "cc.SpriteFrame",
  "content": {
    "name": "1001",
    "atlas": "",
    "rect": {
      "x": 26,
      "y": 91,
      "width": 765,
      "height": 743
    },
    "offset": {
      "x": 0,
      "y": -31
    },
    "originalSize": {
      "width": 817,
      "height": 863
    },
    "rotated": false,
    "capInsets": [
      0,
      0,
      0,
      0
    ],
    "vertices": {
      "rawPosition": [
        -382.5,
        -371.5,
        0,
        382.5,
        -371.5,
        0,
        -382.5,
        371.5,
        0,
        382.5,
        371.5,
        0
      ],
      "indexes": [
        0,
        1,
        2,
        2,
        1,
        3
      ],
      "uv": [
        26,
        772,
        791,
        772,
        26,
        29,
        791,
        29
      ],
      "nuv": [
        0.03182374541003672,
        0.03360370799536501,
        0.9681762545899633,
        0.03360370799536501,
        0.03182374541003672,
        0.8945538818076477,
        0.9681762545899633,
        0.8945538818076477
      ],
      "minPos": {
        "x": -382.5,
        "y": -371.5,
        "z": 0
      },
      "maxPos": {
        "x": 382.5,
        "y": 371.5,
        "z": 0
      }
    },
    "texture": "6695829d-2cee-42f6-9f98-eca21a82cf9d@6c48a",
    "packable": true,
    "pixelsToUnit": 100,
    "pivot": {
      "x": 0.5,
      "y": 0.5
    },
    "meshType": 0
  }
}