{
  "__type__": "cc.SpriteFrame",
  "content": {
    "name": "1900049e373_844",
    "atlas": "",
    "rect": {
      "x": 1,
      "y": 0,
      "width": 125,
      "height": 139
    },
    "offset": {
      "x": 0.5,
      "y": 0
    },
    "originalSize": {
      "width": 126,
      "height": 139
    },
    "rotated": false,
    "capInsets": [
      0,
      0,
      0,
      0
    ],
    "vertices": {
      "rawPosition": [
        -62.5,
        -69.5,
        0,
        62.5,
        -69.5,
        0,
        -62.5,
        69.5,
        0,
        62.5,
        69.5,
        0
      ],
      "indexes": [
        0,
        1,
        2,
        2,
        1,
        3
      ],
      "uv": [
        1,
        139,
        126,
        139,
        1,
        0,
        126,
        0
      ],
      "nuv": [
        0.007936507936507936,
        0,
        1,
        0,
        0.007936507936507936,
        1,
        1,
        1
      ],
      "minPos": {
        "x": -62.5,
        "y": -69.5,
        "z": 0
      },
      "maxPos": {
        "x": 62.5,
        "y": 69.5,
        "z": 0
      }
    },
    "texture": "fbb82878-86a9-4d5d-9b10-7b94fdc4cbda@6c48a",
    "packable": true,
    "pixelsToUnit": 100,
    "pivot": {
      "x": 0.5,
      "y": 0.5
    },
    "meshType": 0
  }
}