{
  "__type__": "cc.SpriteFrame",
  "content": {
    "name": "General_101",
    "atlas": "",
    "rect": {
      "x": 3,
      "y": 2,
      "width": 780,
      "height": 124
    },
    "offset": {
      "x": -119,
      "y": 0
    },
    "originalSize": {
      "width": 1024,
      "height": 128
    },
    "rotated": false,
    "capInsets": [
      0,
      0,
      0,
      0
    ],
    "vertices": {
      "rawPosition": [
        -390,
        -62,
        0,
        390,
        -62,
        0,
        -390,
        62,
        0,
        390,
        62,
        0
      ],
      "indexes": [
        0,
        1,
        2,
        2,
        1,
        3
      ],
      "uv": [
        3,
        126,
        783,
        126,
        3,
        2,
        783,
        2
      ],
      "nuv": [
        0.0029296875,
        0.015625,
        0.7646484375,
        0.015625,
        0.0029296875,
        0.984375,
        0.7646484375,
        0.984375
      ],
      "minPos": {
        "x": -390,
        "y": -62,
        "z": 0
      },
      "maxPos": {
        "x": 390,
        "y": 62,
        "z": 0
      }
    },
    "texture": "a6c5b89c-4f14-4ea7-8006-ef89668cd9a2@6c48a",
    "packable": true,
    "pixelsToUnit": 100,
    "pivot": {
      "x": 0.5,
      "y": 0.5
    },
    "meshType": 0
  }
}