{
  "__type__": "cc.SpriteFrame",
  "content": {
    "name": "19000270638_769",
    "atlas": "",
    "rect": {
      "x": 2,
      "y": 2,
      "width": 640,
      "height": 640
    },
    "offset": {
      "x": -2,
      "y": 2
    },
    "originalSize": {
      "width": 648,
      "height": 648
    },
    "rotated": false,
    "capInsets": [
      0,
      0,
      0,
      0
    ],
    "vertices": {
      "rawPosition": [
        -320,
        -320,
        0,
        320,
        -320,
        0,
        -320,
        320,
        0,
        320,
        320,
        0
      ],
      "indexes": [
        0,
        1,
        2,
        2,
        1,
        3
      ],
      "uv": [
        2,
        646,
        642,
        646,
        2,
        6,
        642,
        6
      ],
      "nuv": [
        0.0030864197530864196,
        0.009259259259259259,
        0.9907407407407407,
        0.009259259259259259,
        0.0030864197530864196,
        0.9969135802469136,
        0.9907407407407407,
        0.9969135802469136
      ],
      "minPos": {
        "x": -320,
        "y": -320,
        "z": 0
      },
      "maxPos": {
        "x": 320,
        "y": 320,
        "z": 0
      }
    },
    "texture": "4537425f-7b6f-4ca8-b1f6-d59a7d67ace7@6c48a",
    "packable": true,
    "pixelsToUnit": 100,
    "pivot": {
      "x": 0.5,
      "y": 0.5
    },
    "meshType": 0
  }
}