{
  "__type__": "cc.SpriteFrame",
  "content": {
    "name": "hpIcon",
    "atlas": "",
    "rect": {
      "x": 4,
      "y": 1,
      "width": 28,
      "height": 24
    },
    "offset": {
      "x": -0.5,
      "y": -0.5
    },
    "originalSize": {
      "width": 37,
      "height": 25
    },
    "rotated": false,
    "capInsets": [
      0,
      0,
      0,
      0
    ],
    "vertices": {
      "rawPosition": [
        -14,
        -12,
        0,
        14,
        -12,
        0,
        -14,
        12,
        0,
        14,
        12,
        0
      ],
      "indexes": [
        0,
        1,
        2,
        2,
        1,
        3
      ],
      "uv": [
        4,
        24,
        32,
        24,
        4,
        0,
        32,
        0
      ],
      "nuv": [
        0.10810810810810811,
        0,
        0.8648648648648649,
        0,
        0.10810810810810811,
        0.96,
        0.8648648648648649,
        0.96
      ],
      "minPos": {
        "x": -14,
        "y": -12,
        "z": 0
      },
      "maxPos": {
        "x": 14,
        "y": 12,
        "z": 0
      }
    },
    "texture": "45b11c54-1382-4473-bd4d-ef8498a3c89b@6c48a",
    "packable": true,
    "pixelsToUnit": 100,
    "pivot": {
      "x": 0.5,
      "y": 0.5
    },
    "meshType": 0
  }
}