{
  "__type__": "cc.SpriteFrame",
  "content": {
    "name": "701",
    "atlas": "",
    "rect": {
      "x": 8,
      "y": 1,
      "width": 69,
      "height": 179
    },
    "offset": {
      "x": 0,
      "y": -0.5
    },
    "originalSize": {
      "width": 85,
      "height": 180
    },
    "rotated": false,
    "capInsets": [
      0,
      0,
      0,
      0
    ],
    "vertices": {
      "rawPosition": [
        -34.5,
        -89.5,
        0,
        34.5,
        -89.5,
        0,
        -34.5,
        89.5,
        0,
        34.5,
        89.5,
        0
      ],
      "indexes": [
        0,
        1,
        2,
        2,
        1,
        3
      ],
      "uv": [
        8,
        179,
        77,
        179,
        8,
        0,
        77,
        0
      ],
      "nuv": [
        0.09411764705882353,
        0,
        0.9058823529411765,
        0,
        0.09411764705882353,
        0.9944444444444445,
        0.9058823529411765,
        0.9944444444444445
      ],
      "minPos": {
        "x": -34.5,
        "y": -89.5,
        "z": 0
      },
      "maxPos": {
        "x": 34.5,
        "y": 89.5,
        "z": 0
      }
    },
    "texture": "ec7d6450-6b46-41fb-86f4-a17c8e8450fb@6c48a",
    "packable": true,
    "pixelsToUnit": 100,
    "pivot": {
      "x": 0.5,
      "y": 0.5
    },
    "meshType": 0
  }
}