{
  "__type__": "cc.SpriteFrame",
  "content": {
    "name": "diamond",
    "atlas": "",
    "rect": {
      "x": 2,
      "y": 1,
      "width": 32,
      "height": 34
    },
    "offset": {
      "x": 0,
      "y": 0.5
    },
    "originalSize": {
      "width": 36,
      "height": 37
    },
    "rotated": false,
    "capInsets": [
      0,
      0,
      0,
      0
    ],
    "vertices": {
      "rawPosition": [
        -16,
        -17,
        0,
        16,
        -17,
        0,
        -16,
        17,
        0,
        16,
        17,
        0
      ],
      "indexes": [
        0,
        1,
        2,
        2,
        1,
        3
      ],
      "uv": [
        2,
        36,
        34,
        36,
        2,
        2,
        34,
        2
      ],
      "nuv": [
        0.05555555555555555,
        0.05405405405405406,
        0.9444444444444444,
        0.05405405405405406,
        0.05555555555555555,
        0.972972972972973,
        0.9444444444444444,
        0.972972972972973
      ],
      "minPos": {
        "x": -16,
        "y": -17,
        "z": 0
      },
      "maxPos": {
        "x": 16,
        "y": 17,
        "z": 0
      }
    },
    "texture": "fc8ba2f0-9a06-407e-b15e-af833959852c@6c48a",
    "packable": true,
    "pixelsToUnit": 100,
    "pivot": {
      "x": 0.5,
      "y": 0.5
    },
    "meshType": 0
  }
}