{
  "__type__": "cc.SpriteFrame",
  "content": {
    "name": "phoneUI",
    "atlas": "",
    "rect": {
      "x": 45,
      "y": 1,
      "width": 979,
      "height": 1964
    },
    "offset": {
      "x": -5.5,
      "y": 4
    },
    "originalSize": {
      "width": 1080,
      "height": 1974
    },
    "rotated": false,
    "capInsets": [
      0,
      0,
      0,
      0
    ],
    "vertices": {
      "rawPosition": [
        -489.5,
        -982,
        0,
        489.5,
        -982,
        0,
        -489.5,
        982,
        0,
        489.5,
        982,
        0
      ],
      "indexes": [
        0,
        1,
        2,
        2,
        1,
        3
      ],
      "uv": [
        45,
        1973,
        1024,
        1973,
        45,
        9,
        1024,
        9
      ],
      "nuv": [
        0.041666666666666664,
        0.004559270516717325,
        0.9481481481481482,
        0.004559270516717325,
        0.041666666666666664,
        0.9994934143870314,
        0.9481481481481482,
        0.9994934143870314
      ],
      "minPos": {
        "x": -489.5,
        "y": -982,
        "z": 0
      },
      "maxPos": {
        "x": 489.5,
        "y": 982,
        "z": 0
      }
    },
    "texture": "a922a866-274b-465e-8307-cfa55c908f5a@6c48a",
    "packable": true,
    "pixelsToUnit": 100,
    "pivot": {
      "x": 0.5,
      "y": 0.5
    },
    "meshType": 0
  }
}