{
  "__type__": "cc.SpriteFrame",
  "content": {
    "name": "404",
    "atlas": "",
    "rect": {
      "x": 10,
      "y": 7,
      "width": 162,
      "height": 70
    },
    "offset": {
      "x": 1,
      "y": 1
    },
    "originalSize": {
      "width": 180,
      "height": 86
    },
    "rotated": false,
    "capInsets": [
      0,
      0,
      0,
      0
    ],
    "vertices": {
      "rawPosition": [
        -81,
        -35,
        0,
        81,
        -35,
        0,
        -81,
        35,
        0,
        81,
        35,
        0
      ],
      "indexes": [
        0,
        1,
        2,
        2,
        1,
        3
      ],
      "uv": [
        10,
        79,
        172,
        79,
        10,
        9,
        172,
        9
      ],
      "nuv": [
        0.05555555555555555,
        0.10465116279069768,
        0.9555555555555556,
        0.10465116279069768,
        0.05555555555555555,
        0.9186046511627907,
        0.9555555555555556,
        0.9186046511627907
      ],
      "minPos": {
        "x": -81,
        "y": -35,
        "z": 0
      },
      "maxPos": {
        "x": 81,
        "y": 35,
        "z": 0
      }
    },
    "texture": "15053b5e-ddf1-40ac-aa4f-17dc3193bd5a@6c48a",
    "packable": true,
    "pixelsToUnit": 100,
    "pivot": {
      "x": 0.5,
      "y": 0.5
    },
    "meshType": 0
  }
}