{
  "__type__": "cc.SpriteFrame",
  "content": {
    "name": "601",
    "atlas": "",
    "rect": {
      "x": 25,
      "y": 60,
      "width": 767,
      "height": 774
    },
    "offset": {
      "x": 0,
      "y": -15.5
    },
    "originalSize": {
      "width": 817,
      "height": 863
    },
    "rotated": false,
    "capInsets": [
      0,
      0,
      0,
      0
    ],
    "vertices": {
      "rawPosition": [
        -383.5,
        -387,
        0,
        383.5,
        -387,
        0,
        -383.5,
        387,
        0,
        383.5,
        387,
        0
      ],
      "indexes": [
        0,
        1,
        2,
        2,
        1,
        3
      ],
      "uv": [
        25,
        803,
        792,
        803,
        25,
        29,
        792,
        29
      ],
      "nuv": [
        0.030599755201958383,
        0.03360370799536501,
        0.9694002447980417,
        0.03360370799536501,
        0.030599755201958383,
        0.9304750869061413,
        0.9694002447980417,
        0.9304750869061413
      ],
      "minPos": {
        "x": -383.5,
        "y": -387,
        "z": 0
      },
      "maxPos": {
        "x": 383.5,
        "y": 387,
        "z": 0
      }
    },
    "texture": "fd53cca6-ddcd-4468-8ea3-4efd9711ae30@6c48a",
    "packable": true,
    "pixelsToUnit": 100,
    "pivot": {
      "x": 0.5,
      "y": 0.5
    },
    "meshType": 0
  }
}