{
  "__type__": "cc.SpriteFrame",
  "content": {
    "name": "defenseIcon",
    "atlas": "",
    "rect": {
      "x": 3,
      "y": 1,
      "width": 22,
      "height": 25
    },
    "offset": {
      "x": 1,
      "y": 0.5
    },
    "originalSize": {
      "width": 26,
      "height": 28
    },
    "rotated": false,
    "capInsets": [
      0,
      0,
      0,
      0
    ],
    "vertices": {
      "rawPosition": [
        -11,
        -12.5,
        0,
        11,
        -12.5,
        0,
        -11,
        12.5,
        0,
        11,
        12.5,
        0
      ],
      "indexes": [
        0,
        1,
        2,
        2,
        1,
        3
      ],
      "uv": [
        3,
        27,
        25,
        27,
        3,
        2,
        25,
        2
      ],
      "nuv": [
        0.11538461538461539,
        0.07142857142857142,
        0.9615384615384616,
        0.07142857142857142,
        0.11538461538461539,
        0.9642857142857143,
        0.9615384615384616,
        0.9642857142857143
      ],
      "minPos": {
        "x": -11,
        "y": -12.5,
        "z": 0
      },
      "maxPos": {
        "x": 11,
        "y": 12.5,
        "z": 0
      }
    },
    "texture": "1a5640b4-0004-457a-a4cf-71682f234fba@6c48a",
    "packable": true,
    "pixelsToUnit": 100,
    "pivot": {
      "x": 0.5,
      "y": 0.5
    },
    "meshType": 0
  }
}