{
  "__type__": "cc.SpriteFrame",
  "content": {
    "name": "201",
    "atlas": "",
    "rect": {
      "x": 24,
      "y": 10,
      "width": 154,
      "height": 155
    },
    "offset": {
      "x": 11,
      "y": 2.5
    },
    "originalSize": {
      "width": 180,
      "height": 180
    },
    "rotated": false,
    "capInsets": [
      0,
      0,
      0,
      0
    ],
    "vertices": {
      "rawPosition": [
        -77,
        -77.5,
        0,
        77,
        -77.5,
        0,
        -77,
        77.5,
        0,
        77,
        77.5,
        0
      ],
      "indexes": [
        0,
        1,
        2,
        2,
        1,
        3
      ],
      "uv": [
        24,
        170,
        178,
        170,
        24,
        15,
        178,
        15
      ],
      "nuv": [
        0.13333333333333333,
        0.08333333333333333,
        0.9888888888888889,
        0.08333333333333333,
        0.13333333333333333,
        0.9444444444444444,
        0.9888888888888889,
        0.9444444444444444
      ],
      "minPos": {
        "x": -77,
        "y": -77.5,
        "z": 0
      },
      "maxPos": {
        "x": 77,
        "y": 77.5,
        "z": 0
      }
    },
    "texture": "dc605e74-beac-4de2-a463-f491b015e0c3@6c48a",
    "packable": true,
    "pixelsToUnit": 100,
    "pivot": {
      "x": 0.5,
      "y": 0.5
    },
    "meshType": 0
  }
}