{
  "__type__": "cc.SpriteFrame",
  "content": {
    "name": "lock",
    "atlas": "",
    "rect": {
      "x": 12,
      "y": 10,
      "width": 91,
      "height": 125
    },
    "offset": {
      "x": 1,
      "y": 0
    },
    "originalSize": {
      "width": 113,
      "height": 145
    },
    "rotated": false,
    "capInsets": [
      0,
      0,
      0,
      0
    ],
    "vertices": {
      "rawPosition": [
        -45.5,
        -62.5,
        0,
        45.5,
        -62.5,
        0,
        -45.5,
        62.5,
        0,
        45.5,
        62.5,
        0
      ],
      "indexes": [
        0,
        1,
        2,
        2,
        1,
        3
      ],
      "uv": [
        12,
        135,
        103,
        135,
        12,
        10,
        103,
        10
      ],
      "nuv": [
        0.10619469026548672,
        0.06896551724137931,
        0.911504424778761,
        0.06896551724137931,
        0.10619469026548672,
        0.9310344827586207,
        0.911504424778761,
        0.9310344827586207
      ],
      "minPos": {
        "x": -45.5,
        "y": -62.5,
        "z": 0
      },
      "maxPos": {
        "x": 45.5,
        "y": 62.5,
        "z": 0
      }
    },
    "texture": "2c59f8f7-2d0b-46ee-964e-e5a7a5e6678a@6c48a",
    "packable": true,
    "pixelsToUnit": 100,
    "pivot": {
      "x": 0.5,
      "y": 0.5
    },
    "meshType": 0
  }
}