{
  "__type__": "cc.SpriteFrame",
  "content": {
    "name": "numFont1_0",
    "atlas": "",
    "rect": {
      "x": 0,
      "y": 0,
      "width": 252,
      "height": 79
    },
    "offset": {
      "x": -2,
      "y": 24.5
    },
    "originalSize": {
      "width": 256,
      "height": 128
    },
    "rotated": false,
    "capInsets": [
      0,
      0,
      0,
      0
    ],
    "vertices": {
      "rawPosition": [
        -126,
        -39.5,
        0,
        126,
        -39.5,
        0,
        -126,
        39.5,
        0,
        126,
        39.5,
        0
      ],
      "indexes": [
        0,
        1,
        2,
        2,
        1,
        3
      ],
      "uv": [
        0,
        128,
        252,
        128,
        0,
        49,
        252,
        49
      ],
      "nuv": [
        0,
        0.3828125,
        0.984375,
        0.3828125,
        0,
        1,
        0.984375,
        1
      ],
      "minPos": {
        "x": -126,
        "y": -39.5,
        "z": 0
      },
      "maxPos": {
        "x": 126,
        "y": 39.5,
        "z": 0
      }
    },
    "texture": "5fca6370-00ec-426e-8122-37c6a47d0e7c@6c48a",
    "packable": true,
    "pixelsToUnit": 100,
    "pivot": {
      "x": 0.5,
      "y": 0.5
    },
    "meshType": 0
  }
}