{
  "__type__": "cc.SpriteFrame",
  "content": {
    "name": "frameBg1",
    "atlas": "",
    "rect": {
      "x": 11,
      "y": 10,
      "width": 182,
      "height": 48
    },
    "offset": {
      "x": 1,
      "y": 1
    },
    "originalSize": {
      "width": 202,
      "height": 70
    },
    "rotated": false,
    "capInsets": [
      0,
      0,
      0,
      0
    ],
    "vertices": {
      "rawPosition": [
        -91,
        -24,
        0,
        91,
        -24,
        0,
        -91,
        24,
        0,
        91,
        24,
        0
      ],
      "indexes": [
        0,
        1,
        2,
        2,
        1,
        3
      ],
      "uv": [
        11,
        60,
        193,
        60,
        11,
        12,
        193,
        12
      ],
      "nuv": [
        0.054455445544554455,
        0.17142857142857143,
        0.9554455445544554,
        0.17142857142857143,
        0.054455445544554455,
        0.8571428571428571,
        0.9554455445544554,
        0.8571428571428571
      ],
      "minPos": {
        "x": -91,
        "y": -24,
        "z": 0
      },
      "maxPos": {
        "x": 91,
        "y": 24,
        "z": 0
      }
    },
    "texture": "42b2e69b-bf69-4970-a2d6-34b46e55e1b5@6c48a",
    "packable": true,
    "pixelsToUnit": 100,
    "pivot": {
      "x": 0.5,
      "y": 0.5
    },
    "meshType": 0
  }
}