{
  "__type__": "cc.SpriteFrame",
  "content": {
    "name": "JiangChengYuanTi-700W",
    "atlas": "",
    "rect": {
      "x": 1,
      "y": 1,
      "width": 196,
      "height": 197
    },
    "offset": {
      "x": 0,
      "y": 0
    },
    "originalSize": {
      "width": 198,
      "height": 199
    },
    "rotated": false,
    "capInsets": [
      0,
      0,
      0,
      0
    ],
    "vertices": {
      "rawPosition": [
        -98,
        -98.5,
        0,
        98,
        -98.5,
        0,
        -98,
        98.5,
        0,
        98,
        98.5,
        0
      ],
      "indexes": [
        0,
        1,
        2,
        2,
        1,
        3
      ],
      "uv": [
        1,
        198,
        197,
        198,
        1,
        1,
        197,
        1
      ],
      "nuv": [
        0.005050505050505051,
        0.005025125628140704,
        0.9949494949494949,
        0.005025125628140704,
        0.005050505050505051,
        0.9949748743718593,
        0.9949494949494949,
        0.9949748743718593
      ],
      "minPos": {
        "x": -98,
        "y": -98.5,
        "z": 0
      },
      "maxPos": {
        "x": 98,
        "y": 98.5,
        "z": 0
      }
    },
    "texture": "aa52c673-1ed7-4302-8b4d-910d0ec3df62@6c48a",
    "packable": true,
    "pixelsToUnit": 100,
    "pivot": {
      "x": 0.5,
      "y": 0.5
    },
    "meshType": 0
  }
}