{
  "__type__": "cc.SpriteFrame",
  "content": {
    "name": "chonguhecheng_tex",
    "atlas": "",
    "rect": {
      "x": 1,
      "y": 1,
      "width": 253,
      "height": 238
    },
    "offset": {
      "x": -0.5,
      "y": 8
    },
    "originalSize": {
      "width": 256,
      "height": 256
    },
    "rotated": false,
    "capInsets": [
      0,
      0,
      0,
      0
    ],
    "vertices": {
      "rawPosition": [
        -126.5,
        -119,
        0,
        126.5,
        -119,
        0,
        -126.5,
        119,
        0,
        126.5,
        119,
        0
      ],
      "indexes": [
        0,
        1,
        2,
        2,
        1,
        3
      ],
      "uv": [
        1,
        255,
        254,
        255,
        1,
        17,
        254,
        17
      ],
      "nuv": [
        0.00390625,
        0.06640625,
        0.9921875,
        0.06640625,
        0.00390625,
        0.99609375,
        0.9921875,
        0.99609375
      ],
      "minPos": {
        "x": -126.5,
        "y": -119,
        "z": 0
      },
      "maxPos": {
        "x": 126.5,
        "y": 119,
        "z": 0
      }
    },
    "texture": "c5ae5ea8-fa74-4e6e-9ab7-b791e37b52d2@6c48a",
    "packable": true,
    "pixelsToUnit": 100,
    "pivot": {
      "x": 0.5,
      "y": 0.5
    },
    "meshType": 0
  }
}