{
  "__type__": "cc.SpriteFrame",
  "content": {
    "name": "boxIcon",
    "atlas": "",
    "rect": {
      "x": 0,
      "y": 4,
      "width": 37,
      "height": 30
    },
    "offset": {
      "x": -2,
      "y": 0.5
    },
    "originalSize": {
      "width": 41,
      "height": 39
    },
    "rotated": false,
    "capInsets": [
      0,
      0,
      0,
      0
    ],
    "vertices": {
      "rawPosition": [
        -18.5,
        -15,
        0,
        18.5,
        -15,
        0,
        -18.5,
        15,
        0,
        18.5,
        15,
        0
      ],
      "indexes": [
        0,
        1,
        2,
        2,
        1,
        3
      ],
      "uv": [
        0,
        35,
        37,
        35,
        0,
        5,
        37,
        5
      ],
      "nuv": [
        0,
        0.1282051282051282,
        0.9024390243902439,
        0.1282051282051282,
        0,
        0.8974358974358975,
        0.9024390243902439,
        0.8974358974358975
      ],
      "minPos": {
        "x": -18.5,
        "y": -15,
        "z": 0
      },
      "maxPos": {
        "x": 18.5,
        "y": 15,
        "z": 0
      }
    },
    "texture": "c5c492b0-591e-4bf0-bd09-fab62637c3d1@6c48a",
    "packable": true,
    "pixelsToUnit": 100,
    "pivot": {
      "x": 0.5,
      "y": 0.5
    },
    "meshType": 0
  }
}