{
  "__type__": "cc.SpriteFrame",
  "content": {
    "name": "gold",
    "atlas": "",
    "rect": {
      "x": 1,
      "y": 1,
      "width": 34,
      "height": 36
    },
    "offset": {
      "x": 0,
      "y": -0.5
    },
    "originalSize": {
      "width": 36,
      "height": 37
    },
    "rotated": false,
    "capInsets": [
      0,
      0,
      0,
      0
    ],
    "vertices": {
      "rawPosition": [
        -17,
        -18,
        0,
        17,
        -18,
        0,
        -17,
        18,
        0,
        17,
        18,
        0
      ],
      "indexes": [
        0,
        1,
        2,
        2,
        1,
        3
      ],
      "uv": [
        1,
        36,
        35,
        36,
        1,
        0,
        35,
        0
      ],
      "nuv": [
        0.027777777777777776,
        0,
        0.9722222222222222,
        0,
        0.027777777777777776,
        0.972972972972973,
        0.9722222222222222,
        0.972972972972973
      ],
      "minPos": {
        "x": -17,
        "y": -18,
        "z": 0
      },
      "maxPos": {
        "x": 17,
        "y": 18,
        "z": 0
      }
    },
    "texture": "37d0323a-89da-4702-8e26-dde7f97d5bd8@6c48a",
    "packable": true,
    "pixelsToUnit": 100,
    "pivot": {
      "x": 0.5,
      "y": 0.5
    },
    "meshType": 0
  }
}