{
  "__type__": "cc.SpriteFrame",
  "content": {
    "name": "bag3",
    "atlas": "",
    "rect": {
      "x": 1,
      "y": 0,
      "width": 428,
      "height": 134
    },
    "offset": {
      "x": 0,
      "y": 0
    },
    "originalSize": {
      "width": 430,
      "height": 134
    },
    "rotated": false,
    "capInsets": [
      0,
      0,
      0,
      0
    ],
    "vertices": {
      "rawPosition": [
        -214,
        -67,
        0,
        214,
        -67,
        0,
        -214,
        67,
        0,
        214,
        67,
        0
      ],
      "indexes": [
        0,
        1,
        2,
        2,
        1,
        3
      ],
      "uv": [
        1,
        134,
        429,
        134,
        1,
        0,
        429,
        0
      ],
      "nuv": [
        0.002325581395348837,
        0,
        0.9976744186046511,
        0,
        0.002325581395348837,
        1,
        0.9976744186046511,
        1
      ],
      "minPos": {
        "x": -214,
        "y": -67,
        "z": 0
      },
      "maxPos": {
        "x": 214,
        "y": 67,
        "z": 0
      }
    },
    "texture": "ee8d3ecd-a486-4a81-81da-6642e5bb6d1e@6c48a",
    "packable": true,
    "pixelsToUnit": 100,
    "pivot": {
      "x": 0.5,
      "y": 0.5
    },
    "meshType": 0
  }
}