{
  "__type__": "cc.SpriteFrame",
  "content": {
    "name": "501",
    "atlas": "",
    "rect": {
      "x": 26,
      "y": 112,
      "width": 765,
      "height": 722
    },
    "offset": {
      "x": 0,
      "y": -41.5
    },
    "originalSize": {
      "width": 817,
      "height": 863
    },
    "rotated": false,
    "capInsets": [
      0,
      0,
      0,
      0
    ],
    "vertices": {
      "rawPosition": [
        -382.5,
        -361,
        0,
        382.5,
        -361,
        0,
        -382.5,
        361,
        0,
        382.5,
        361,
        0
      ],
      "indexes": [
        0,
        1,
        2,
        2,
        1,
        3
      ],
      "uv": [
        26,
        751,
        791,
        751,
        26,
        29,
        791,
        29
      ],
      "nuv": [
        0.03182374541003672,
        0.03360370799536501,
        0.9681762545899633,
        0.03360370799536501,
        0.03182374541003672,
        0.8702201622247973,
        0.9681762545899633,
        0.8702201622247973
      ],
      "minPos": {
        "x": -382.5,
        "y": -361,
        "z": 0
      },
      "maxPos": {
        "x": 382.5,
        "y": 361,
        "z": 0
      }
    },
    "texture": "1c60d3a2-779d-45ab-87b3-cc5d50d25aec@6c48a",
    "packable": true,
    "pixelsToUnit": 100,
    "pivot": {
      "x": 0.5,
      "y": 0.5
    },
    "meshType": 0
  }
}