{
  "__type__": "cc.SpriteFrame",
  "content": {
    "name": "801",
    "atlas": "",
    "rect": {
      "x": 26,
      "y": 85,
      "width": 765,
      "height": 749
    },
    "offset": {
      "x": 0,
      "y": -28
    },
    "originalSize": {
      "width": 817,
      "height": 863
    },
    "rotated": false,
    "capInsets": [
      0,
      0,
      0,
      0
    ],
    "vertices": {
      "rawPosition": [
        -382.5,
        -374.5,
        0,
        382.5,
        -374.5,
        0,
        -382.5,
        374.5,
        0,
        382.5,
        374.5,
        0
      ],
      "indexes": [
        0,
        1,
        2,
        2,
        1,
        3
      ],
      "uv": [
        26,
        778,
        791,
        778,
        26,
        29,
        791,
        29
      ],
      "nuv": [
        0.03182374541003672,
        0.03360370799536501,
        0.9681762545899633,
        0.03360370799536501,
        0.03182374541003672,
        0.9015063731170336,
        0.9681762545899633,
        0.9015063731170336
      ],
      "minPos": {
        "x": -382.5,
        "y": -374.5,
        "z": 0
      },
      "maxPos": {
        "x": 382.5,
        "y": 374.5,
        "z": 0
      }
    },
    "texture": "c12ee741-8916-4906-b6d8-bf7e4c9467dd@6c48a",
    "packable": true,
    "pixelsToUnit": 100,
    "pivot": {
      "x": 0.5,
      "y": 0.5
    },
    "meshType": 0
  }
}