{
  "__type__": "cc.SpriteFrame",
  "content": {
    "name": "frameBg2",
    "atlas": "",
    "rect": {
      "x": 3,
      "y": 7,
      "width": 133,
      "height": 44
    },
    "offset": {
      "x": -0.5,
      "y": -0.5
    },
    "originalSize": {
      "width": 140,
      "height": 57
    },
    "rotated": false,
    "capInsets": [
      0,
      0,
      0,
      0
    ],
    "vertices": {
      "rawPosition": [
        -66.5,
        -22,
        0,
        66.5,
        -22,
        0,
        -66.5,
        22,
        0,
        66.5,
        22,
        0
      ],
      "indexes": [
        0,
        1,
        2,
        2,
        1,
        3
      ],
      "uv": [
        3,
        50,
        136,
        50,
        3,
        6,
        136,
        6
      ],
      "nuv": [
        0.02142857142857143,
        0.10526315789473684,
        0.9714285714285714,
        0.10526315789473684,
        0.02142857142857143,
        0.8771929824561403,
        0.9714285714285714,
        0.8771929824561403
      ],
      "minPos": {
        "x": -66.5,
        "y": -22,
        "z": 0
      },
      "maxPos": {
        "x": 66.5,
        "y": 22,
        "z": 0
      }
    },
    "texture": "713df0ed-de49-4227-b08c-19de7db198dc@6c48a",
    "packable": true,
    "pixelsToUnit": 100,
    "pivot": {
      "x": 0.5,
      "y": 0.5
    },
    "meshType": 0
  }
}