{
  "__type__": "cc.SpriteFrame",
  "content": {
    "name": "loadFrame",
    "atlas": "",
    "rect": {
      "x": 1,
      "y": 0,
      "width": 65,
      "height": 33
    },
    "offset": {
      "x": -0.5,
      "y": 1
    },
    "originalSize": {
      "width": 68,
      "height": 35
    },
    "rotated": false,
    "capInsets": [
      12,
      0,
      11,
      0
    ],
    "vertices": {
      "rawPosition": [
        -32.5,
        -16.5,
        0,
        32.5,
        -16.5,
        0,
        -32.5,
        16.5,
        0,
        32.5,
        16.5,
        0
      ],
      "indexes": [
        0,
        1,
        2,
        2,
        1,
        3
      ],
      "uv": [
        1,
        35,
        66,
        35,
        1,
        2,
        66,
        2
      ],
      "nuv": [
        0.014705882352941176,
        0.05714285714285714,
        0.9705882352941176,
        0.05714285714285714,
        0.014705882352941176,
        1,
        0.9705882352941176,
        1
      ],
      "minPos": {
        "x": -32.5,
        "y": -16.5,
        "z": 0
      },
      "maxPos": {
        "x": 32.5,
        "y": 16.5,
        "z": 0
      }
    },
    "texture": "c740deaa-beb3-4b1f-9510-413e02855ede@6c48a",
    "packable": true,
    "pixelsToUnit": 100,
    "pivot": {
      "x": 0.5,
      "y": 0.5
    },
    "meshType": 0
  }
}