{
  "__type__": "cc.SpriteFrame",
  "content": {
    "name": "fail_title",
    "atlas": "",
    "rect": {
      "x": 0,
      "y": 1,
      "width": 629,
      "height": 354
    },
    "offset": {
      "x": 0,
      "y": -0.5
    },
    "originalSize": {
      "width": 629,
      "height": 355
    },
    "rotated": false,
    "capInsets": [
      0,
      0,
      0,
      0
    ],
    "vertices": {
      "rawPosition": [
        -314.5,
        -177,
        0,
        314.5,
        -177,
        0,
        -314.5,
        177,
        0,
        314.5,
        177,
        0
      ],
      "indexes": [
        0,
        1,
        2,
        2,
        1,
        3
      ],
      "uv": [
        0,
        354,
        629,
        354,
        0,
        0,
        629,
        0
      ],
      "nuv": [
        0,
        0,
        1,
        0,
        0,
        0.9971830985915493,
        1,
        0.9971830985915493
      ],
      "minPos": {
        "x": -314.5,
        "y": -177,
        "z": 0
      },
      "maxPos": {
        "x": 314.5,
        "y": 177,
        "z": 0
      }
    },
    "texture": "2bda9e07-d104-4e58-bb9e-086ad9c2b9f2@6c48a",
    "packable": true,
    "pixelsToUnit": 100,
    "pivot": {
      "x": 0.5,
      "y": 0.5
    },
    "meshType": 0
  }
}