{
  "__type__": "cc.SpriteFrame",
  "content": {
    "name": "box",
    "atlas": "",
    "rect": {
      "x": 3,
      "y": 1,
      "width": 76,
      "height": 67
    },
    "offset": {
      "x": 0.5,
      "y": 1.5
    },
    "originalSize": {
      "width": 81,
      "height": 72
    },
    "rotated": false,
    "capInsets": [
      0,
      0,
      0,
      0
    ],
    "vertices": {
      "rawPosition": [
        -38,
        -33.5,
        0,
        38,
        -33.5,
        0,
        -38,
        33.5,
        0,
        38,
        33.5,
        0
      ],
      "indexes": [
        0,
        1,
        2,
        2,
        1,
        3
      ],
      "uv": [
        3,
        71,
        79,
        71,
        3,
        4,
        79,
        4
      ],
      "nuv": [
        0.037037037037037035,
        0.05555555555555555,
        0.9753086419753086,
        0.05555555555555555,
        0.037037037037037035,
        0.9861111111111112,
        0.9753086419753086,
        0.9861111111111112
      ],
      "minPos": {
        "x": -38,
        "y": -33.5,
        "z": 0
      },
      "maxPos": {
        "x": 38,
        "y": 33.5,
        "z": 0
      }
    },
    "texture": "688132b6-5a1b-40ef-9c14-e72b69baa4b3@6c48a",
    "packable": true,
    "pixelsToUnit": 100,
    "pivot": {
      "x": 0.5,
      "y": 0.5
    },
    "meshType": 0
  }
}