{
  "__type__": "cc.SpriteFrame",
  "content": {
    "name": "1900049e37a_fa3",
    "atlas": "",
    "rect": {
      "x": 1,
      "y": 0,
      "width": 479,
      "height": 6
    },
    "offset": {
      "x": 0,
      "y": 0
    },
    "originalSize": {
      "width": 481,
      "height": 6
    },
    "rotated": false,
    "capInsets": [
      228,
      2,
      229,
      1
    ],
    "vertices": {
      "rawPosition": [
        -239.5,
        -3,
        0,
        239.5,
        -3,
        0,
        -239.5,
        3,
        0,
        239.5,
        3,
        0
      ],
      "indexes": [
        0,
        1,
        2,
        2,
        1,
        3
      ],
      "uv": [
        1,
        6,
        480,
        6,
        1,
        0,
        480,
        0
      ],
      "nuv": [
        0.002079002079002079,
        0,
        0.997920997920998,
        0,
        0.002079002079002079,
        1,
        0.997920997920998,
        1
      ],
      "minPos": {
        "x": -239.5,
        "y": -3,
        "z": 0
      },
      "maxPos": {
        "x": 239.5,
        "y": 3,
        "z": 0
      }
    },
    "texture": "7ad335e4-a13b-434e-8769-2de68c16d4c2@6c48a",
    "packable": true,
    "pixelsToUnit": 100,
    "pivot": {
      "x": 0.5,
      "y": 0.5
    },
    "meshType": 0
  }
}