{
  "__type__": "cc.SpriteFrame",
  "content": {
    "name": "701",
    "atlas": "",
    "rect": {
      "x": 26,
      "y": 133,
      "width": 765,
      "height": 701
    },
    "offset": {
      "x": 0,
      "y": -52
    },
    "originalSize": {
      "width": 817,
      "height": 863
    },
    "rotated": false,
    "capInsets": [
      0,
      0,
      0,
      0
    ],
    "vertices": {
      "rawPosition": [
        -382.5,
        -350.5,
        0,
        382.5,
        -350.5,
        0,
        -382.5,
        350.5,
        0,
        382.5,
        350.5,
        0
      ],
      "indexes": [
        0,
        1,
        2,
        2,
        1,
        3
      ],
      "uv": [
        26,
        730,
        791,
        730,
        26,
        29,
        791,
        29
      ],
      "nuv": [
        0.03182374541003672,
        0.03360370799536501,
        0.9681762545899633,
        0.03360370799536501,
        0.03182374541003672,
        0.8458864426419467,
        0.9681762545899633,
        0.8458864426419467
      ],
      "minPos": {
        "x": -382.5,
        "y": -350.5,
        "z": 0
      },
      "maxPos": {
        "x": 382.5,
        "y": 350.5,
        "z": 0
      }
    },
    "texture": "08c4902c-5300-4d7c-acf5-6cc6148de395@6c48a",
    "packable": true,
    "pixelsToUnit": 100,
    "pivot": {
      "x": 0.5,
      "y": 0.5
    },
    "meshType": 0
  }
}