{
  "__type__": "cc.SpriteFrame",
  "content": {
    "name": "703",
    "atlas": "",
    "rect": {
      "x": 8,
      "y": 14,
      "width": 44,
      "height": 159
    },
    "offset": {
      "x": 2,
      "y": -3.5
    },
    "originalSize": {
      "width": 56,
      "height": 180
    },
    "rotated": false,
    "capInsets": [
      0,
      0,
      0,
      0
    ],
    "vertices": {
      "rawPosition": [
        -22,
        -79.5,
        0,
        22,
        -79.5,
        0,
        -22,
        79.5,
        0,
        22,
        79.5,
        0
      ],
      "indexes": [
        0,
        1,
        2,
        2,
        1,
        3
      ],
      "uv": [
        8,
        166,
        52,
        166,
        8,
        7,
        52,
        7
      ],
      "nuv": [
        0.14285714285714285,
        0.03888888888888889,
        0.9285714285714286,
        0.03888888888888889,
        0.14285714285714285,
        0.9222222222222223,
        0.9285714285714286,
        0.9222222222222223
      ],
      "minPos": {
        "x": -22,
        "y": -79.5,
        "z": 0
      },
      "maxPos": {
        "x": 22,
        "y": 79.5,
        "z": 0
      }
    },
    "texture": "fe1331d3-6636-4eca-949c-b413167ad22e@6c48a",
    "packable": true,
    "pixelsToUnit": 100,
    "pivot": {
      "x": 0.5,
      "y": 0.5
    },
    "meshType": 0
  }
}