{
  "__type__": "cc.SpriteFrame",
  "content": {
    "name": "901",
    "atlas": "",
    "rect": {
      "x": 26,
      "y": 62,
      "width": 784,
      "height": 772
    },
    "offset": {
      "x": 9.5,
      "y": -16.5
    },
    "originalSize": {
      "width": 817,
      "height": 863
    },
    "rotated": false,
    "capInsets": [
      0,
      0,
      0,
      0
    ],
    "vertices": {
      "rawPosition": [
        -392,
        -386,
        0,
        392,
        -386,
        0,
        -392,
        386,
        0,
        392,
        386,
        0
      ],
      "indexes": [
        0,
        1,
        2,
        2,
        1,
        3
      ],
      "uv": [
        26,
        801,
        810,
        801,
        26,
        29,
        810,
        29
      ],
      "nuv": [
        0.03182374541003672,
        0.03360370799536501,
        0.9914320685434517,
        0.03360370799536501,
        0.03182374541003672,
        0.9281575898030128,
        0.9914320685434517,
        0.9281575898030128
      ],
      "minPos": {
        "x": -392,
        "y": -386,
        "z": 0
      },
      "maxPos": {
        "x": 392,
        "y": 386,
        "z": 0
      }
    },
    "texture": "fe32130b-67a6-4b47-bb44-1d9f536ad599@6c48a",
    "packable": true,
    "pixelsToUnit": 100,
    "pivot": {
      "x": 0.5,
      "y": 0.5
    },
    "meshType": 0
  }
}