{
  "__type__": "cc.SpriteFrame",
  "content": {
    "name": "popBody",
    "atlas": "",
    "rect": {
      "x": 0,
      "y": 0,
      "width": 1263,
      "height": 167
    },
    "offset": {
      "x": -0.5,
      "y": 0
    },
    "originalSize": {
      "width": 1264,
      "height": 167
    },
    "rotated": false,
    "capInsets": [
      0,
      0,
      0,
      0
    ],
    "vertices": {
      "rawPosition": [
        -631.5,
        -83.5,
        0,
        631.5,
        -83.5,
        0,
        -631.5,
        83.5,
        0,
        631.5,
        83.5,
        0
      ],
      "indexes": [
        0,
        1,
        2,
        2,
        1,
        3
      ],
      "uv": [
        0,
        167,
        1263,
        167,
        0,
        0,
        1263,
        0
      ],
      "nuv": [
        0,
        0,
        0.9992088607594937,
        0,
        0,
        1,
        0.9992088607594937,
        1
      ],
      "minPos": {
        "x": -631.5,
        "y": -83.5,
        "z": 0
      },
      "maxPos": {
        "x": 631.5,
        "y": 83.5,
        "z": 0
      }
    },
    "texture": "62e74aa4-49b5-4277-9aa5-0a8fcb5e1ce5@6c48a",
    "packable": true,
    "pixelsToUnit": 100,
    "pivot": {
      "x": 0.5,
      "y": 0.5
    },
    "meshType": 0
  }
}