{
  "__type__": "cc.SpriteFrame",
  "content": {
    "name": "loadBar",
    "atlas": "",
    "rect": {
      "x": 5,
      "y": 5,
      "width": 543,
      "height": 24
    },
    "offset": {
      "x": 1.5,
      "y": 0
    },
    "originalSize": {
      "width": 550,
      "height": 34
    },
    "rotated": false,
    "capInsets": [
      14,
      0,
      9,
      0
    ],
    "vertices": {
      "rawPosition": [
        -271.5,
        -12,
        0,
        271.5,
        -12,
        0,
        -271.5,
        12,
        0,
        271.5,
        12,
        0
      ],
      "indexes": [
        0,
        1,
        2,
        2,
        1,
        3
      ],
      "uv": [
        5,
        29,
        548,
        29,
        5,
        5,
        548,
        5
      ],
      "nuv": [
        0.00909090909090909,
        0.14705882352941177,
        0.9963636363636363,
        0.14705882352941177,
        0.00909090909090909,
        0.8529411764705882,
        0.9963636363636363,
        0.8529411764705882
      ],
      "minPos": {
        "x": -271.5,
        "y": -12,
        "z": 0
      },
      "maxPos": {
        "x": 271.5,
        "y": 12,
        "z": 0
      }
    },
    "texture": "bb90b8fc-413a-4b91-b567-b5ac445fcf68@6c48a",
    "packable": true,
    "pixelsToUnit": 100,
    "pivot": {
      "x": 0.5,
      "y": 0.5
    },
    "meshType": 0
  }
}