{
  "__type__": "cc.SpriteFrame",
  "content": {
    "name": "levelBtn",
    "atlas": "",
    "rect": {
      "x": 21,
      "y": 24,
      "width": 262,
      "height": 76
    },
    "offset": {
      "x": -2,
      "y": 1
    },
    "originalSize": {
      "width": 308,
      "height": 126
    },
    "rotated": false,
    "capInsets": [
      0,
      0,
      0,
      0
    ],
    "vertices": {
      "rawPosition": [
        -131,
        -38,
        0,
        131,
        -38,
        0,
        -131,
        38,
        0,
        131,
        38,
        0
      ],
      "indexes": [
        0,
        1,
        2,
        2,
        1,
        3
      ],
      "uv": [
        21,
        102,
        283,
        102,
        21,
        26,
        283,
        26
      ],
      "nuv": [
        0.06818181818181818,
        0.20634920634920634,
        0.9188311688311688,
        0.20634920634920634,
        0.06818181818181818,
        0.8095238095238095,
        0.9188311688311688,
        0.8095238095238095
      ],
      "minPos": {
        "x": -131,
        "y": -38,
        "z": 0
      },
      "maxPos": {
        "x": 131,
        "y": 38,
        "z": 0
      }
    },
    "texture": "1b9f7b19-d5e1-4dbe-ab66-d7ea23fcf029@6c48a",
    "packable": true,
    "pixelsToUnit": 100,
    "pivot": {
      "x": 0.5,
      "y": 0.5
    },
    "meshType": 0
  }
}