{
  "__type__": "cc.SpriteFrame",
  "content": {
    "name": "102",
    "atlas": "",
    "rect": {
      "x": 2,
      "y": 0,
      "width": 84,
      "height": 180
    },
    "offset": {
      "x": -1,
      "y": 0
    },
    "originalSize": {
      "width": 90,
      "height": 180
    },
    "rotated": false,
    "capInsets": [
      0,
      0,
      0,
      0
    ],
    "vertices": {
      "rawPosition": [
        -42,
        -90,
        0,
        42,
        -90,
        0,
        -42,
        90,
        0,
        42,
        90,
        0
      ],
      "indexes": [
        0,
        1,
        2,
        2,
        1,
        3
      ],
      "uv": [
        2,
        180,
        86,
        180,
        2,
        0,
        86,
        0
      ],
      "nuv": [
        0.022222222222222223,
        0,
        0.9555555555555556,
        0,
        0.022222222222222223,
        1,
        0.9555555555555556,
        1
      ],
      "minPos": {
        "x": -42,
        "y": -90,
        "z": 0
      },
      "maxPos": {
        "x": 42,
        "y": 90,
        "z": 0
      }
    },
    "texture": "67d059c6-798f-45bc-8034-c2a42ab9211c@6c48a",
    "packable": true,
    "pixelsToUnit": 100,
    "pivot": {
      "x": 0.5,
      "y": 0.5
    },
    "meshType": 0
  }
}