{
  "__type__": "cc.SpriteFrame",
  "content": {
    "name": "702",
    "atlas": "",
    "rect": {
      "x": 4,
      "y": 12,
      "width": 44,
      "height": 158
    },
    "offset": {
      "x": -2,
      "y": -1
    },
    "originalSize": {
      "width": 56,
      "height": 180
    },
    "rotated": false,
    "capInsets": [
      0,
      0,
      0,
      0
    ],
    "vertices": {
      "rawPosition": [
        -22,
        -79,
        0,
        22,
        -79,
        0,
        -22,
        79,
        0,
        22,
        79,
        0
      ],
      "indexes": [
        0,
        1,
        2,
        2,
        1,
        3
      ],
      "uv": [
        4,
        168,
        48,
        168,
        4,
        10,
        48,
        10
      ],
      "nuv": [
        0.07142857142857142,
        0.05555555555555555,
        0.8571428571428571,
        0.05555555555555555,
        0.07142857142857142,
        0.9333333333333333,
        0.8571428571428571,
        0.9333333333333333
      ],
      "minPos": {
        "x": -22,
        "y": -79,
        "z": 0
      },
      "maxPos": {
        "x": 22,
        "y": 79,
        "z": 0
      }
    },
    "texture": "bc37ec52-f152-40d8-85f1-0785a7fffa12@6c48a",
    "packable": true,
    "pixelsToUnit": 100,
    "pivot": {
      "x": 0.5,
      "y": 0.5
    },
    "meshType": 0
  }
}