{
  "__type__": "cc.SpriteFrame",
  "content": {
    "name": "702",
    "atlas": "",
    "rect": {
      "x": 2,
      "y": 0,
      "width": 80,
      "height": 180
    },
    "offset": {
      "x": -0.5,
      "y": 0
    },
    "originalSize": {
      "width": 85,
      "height": 180
    },
    "rotated": false,
    "capInsets": [
      0,
      0,
      0,
      0
    ],
    "vertices": {
      "rawPosition": [
        -40,
        -90,
        0,
        40,
        -90,
        0,
        -40,
        90,
        0,
        40,
        90,
        0
      ],
      "indexes": [
        0,
        1,
        2,
        2,
        1,
        3
      ],
      "uv": [
        2,
        180,
        82,
        180,
        2,
        0,
        82,
        0
      ],
      "nuv": [
        0.023529411764705882,
        0,
        0.9647058823529412,
        0,
        0.023529411764705882,
        1,
        0.9647058823529412,
        1
      ],
      "minPos": {
        "x": -40,
        "y": -90,
        "z": 0
      },
      "maxPos": {
        "x": 40,
        "y": 90,
        "z": 0
      }
    },
    "texture": "bc37ec52-f152-40d8-85f1-0785a7fffa12@6c48a",
    "packable": true,
    "pixelsToUnit": 100,
    "pivot": {
      "x": 0.5,
      "y": 0.5
    },
    "meshType": 0
  }
}