{
  "__type__": "cc.SpriteFrame",
  "content": {
    "name": "dotBody",
    "atlas": "",
    "rect": {
      "x": 0,
      "y": 0,
      "width": 47,
      "height": 92
    },
    "offset": {
      "x": -5.5,
      "y": 0.5
    },
    "originalSize": {
      "width": 58,
      "height": 93
    },
    "rotated": false,
    "capInsets": [
      0,
      0,
      0,
      0
    ],
    "vertices": {
      "rawPosition": [
        -23.5,
        -46,
        0,
        23.5,
        -46,
        0,
        -23.5,
        46,
        0,
        23.5,
        46,
        0
      ],
      "indexes": [
        0,
        1,
        2,
        2,
        1,
        3
      ],
      "uv": [
        0,
        93,
        47,
        93,
        0,
        1,
        47,
        1
      ],
      "nuv": [
        0,
        0.010752688172043012,
        0.8103448275862069,
        0.010752688172043012,
        0,
        1,
        0.8103448275862069,
        1
      ],
      "minPos": {
        "x": -23.5,
        "y": -46,
        "z": 0
      },
      "maxPos": {
        "x": 23.5,
        "y": 46,
        "z": 0
      }
    },
    "texture": "5c976bb0-ad78-4aa9-9937-d26409535419@6c48a",
    "packable": true,
    "pixelsToUnit": 100,
    "pivot": {
      "x": 0.5,
      "y": 0.5
    },
    "meshType": 0
  }
}