{
  "__type__": "cc.SpriteFrame",
  "content": {
    "name": "202",
    "atlas": "",
    "rect": {
      "x": 14,
      "y": 2,
      "width": 166,
      "height": 168
    },
    "offset": {
      "x": 7,
      "y": 4
    },
    "originalSize": {
      "width": 180,
      "height": 180
    },
    "rotated": false,
    "capInsets": [
      0,
      0,
      0,
      0
    ],
    "vertices": {
      "rawPosition": [
        -83,
        -84,
        0,
        83,
        -84,
        0,
        -83,
        84,
        0,
        83,
        84,
        0
      ],
      "indexes": [
        0,
        1,
        2,
        2,
        1,
        3
      ],
      "uv": [
        14,
        178,
        180,
        178,
        14,
        10,
        180,
        10
      ],
      "nuv": [
        0.07777777777777778,
        0.05555555555555555,
        1,
        0.05555555555555555,
        0.07777777777777778,
        0.9888888888888889,
        1,
        0.9888888888888889
      ],
      "minPos": {
        "x": -83,
        "y": -84,
        "z": 0
      },
      "maxPos": {
        "x": 83,
        "y": 84,
        "z": 0
      }
    },
    "texture": "86abe560-cfe0-46ba-90e0-b907c4676488@6c48a",
    "packable": true,
    "pixelsToUnit": 100,
    "pivot": {
      "x": 0.5,
      "y": 0.5
    },
    "meshType": 0
  }
}