{
  "__type__": "cc.SpriteFrame",
  "content": {
    "name": "logo",
    "atlas": "",
    "rect": {
      "x": 19,
      "y": 10,
      "width": 434,
      "height": 199
    },
    "offset": {
      "x": 6.5,
      "y": 3
    },
    "originalSize": {
      "width": 459,
      "height": 225
    },
    "rotated": false,
    "capInsets": [
      0,
      0,
      0,
      0
    ],
    "vertices": {
      "rawPosition": [
        -217,
        -99.5,
        0,
        217,
        -99.5,
        0,
        -217,
        99.5,
        0,
        217,
        99.5,
        0
      ],
      "indexes": [
        0,
        1,
        2,
        2,
        1,
        3
      ],
      "uv": [
        19,
        215,
        453,
        215,
        19,
        16,
        453,
        16
      ],
      "nuv": [
        0.04139433551198257,
        0.07111111111111111,
        0.9869281045751634,
        0.07111111111111111,
        0.04139433551198257,
        0.9555555555555556,
        0.9869281045751634,
        0.9555555555555556
      ],
      "minPos": {
        "x": -217,
        "y": -99.5,
        "z": 0
      },
      "maxPos": {
        "x": 217,
        "y": 99.5,
        "z": 0
      }
    },
    "texture": "86c5235b-4525-456b-8f3a-81000083f882@6c48a",
    "packable": true,
    "pixelsToUnit": 100,
    "pivot": {
      "x": 0.5,
      "y": 0.5
    },
    "meshType": 0
  }
}