{
  "__type__": "cc.SpriteFrame",
  "content": {
    "name": "land",
    "atlas": "",
    "rect": {
      "x": 0,
      "y": 2,
      "width": 720,
      "height": 272
    },
    "offset": {
      "x": 0,
      "y": 1
    },
    "originalSize": {
      "width": 720,
      "height": 278
    },
    "rotated": false,
    "capInsets": [
      0,
      0,
      0,
      0
    ],
    "vertices": {
      "rawPosition": [
        -360,
        -136,
        0,
        360,
        -136,
        0,
        -360,
        136,
        0,
        360,
        136,
        0
      ],
      "indexes": [
        0,
        1,
        2,
        2,
        1,
        3
      ],
      "uv": [
        0,
        276,
        720,
        276,
        0,
        4,
        720,
        4
      ],
      "nuv": [
        0,
        0.014388489208633094,
        1,
        0.014388489208633094,
        0,
        0.9928057553956835,
        1,
        0.9928057553956835
      ],
      "minPos": {
        "x": -360,
        "y": -136,
        "z": 0
      },
      "maxPos": {
        "x": 360,
        "y": 136,
        "z": 0
      }
    },
    "texture": "12b4e868-bffe-439f-9377-07041c82e39d@6c48a",
    "packable": true,
    "pixelsToUnit": 100,
    "pivot": {
      "x": 0.5,
      "y": 0.5
    },
    "meshType": 0
  }
}