{
  "__type__": "cc.SpriteFrame",
  "content": {
    "name": "401",
    "atlas": "",
    "rect": {
      "x": 26,
      "y": 98,
      "width": 765,
      "height": 736
    },
    "offset": {
      "x": 0,
      "y": -34.5
    },
    "originalSize": {
      "width": 817,
      "height": 863
    },
    "rotated": false,
    "capInsets": [
      0,
      0,
      0,
      0
    ],
    "vertices": {
      "rawPosition": [
        -382.5,
        -368,
        0,
        382.5,
        -368,
        0,
        -382.5,
        368,
        0,
        382.5,
        368,
        0
      ],
      "indexes": [
        0,
        1,
        2,
        2,
        1,
        3
      ],
      "uv": [
        26,
        765,
        791,
        765,
        26,
        29,
        791,
        29
      ],
      "nuv": [
        0.03182374541003672,
        0.03360370799536501,
        0.9681762545899633,
        0.03360370799536501,
        0.03182374541003672,
        0.8864426419466975,
        0.9681762545899633,
        0.8864426419466975
      ],
      "minPos": {
        "x": -382.5,
        "y": -368,
        "z": 0
      },
      "maxPos": {
        "x": 382.5,
        "y": 368,
        "z": 0
      }
    },
    "texture": "00eb4e3d-eb20-4a59-8772-6888463428ea@6c48a",
    "packable": true,
    "pixelsToUnit": 100,
    "pivot": {
      "x": 0.5,
      "y": 0.5
    },
    "meshType": 0
  }
}